"Bin_name"	"ID"	"Length"	"Mapped_reads"	"Total_reads"	"RPKM"
"Bin_1"	1	2028291	6299	48110692	493.025902101819
"Bin_2"	2	2646649	51725	48110881	377.836275229545
"Bin_4"	4	1390702	433588	48110867	719.061308605294
"Bin_11"	11	3688347	417902	48111185	271.124164835901
"Bin_12"	12	2467401	62466	48110708	405.284751039657
"Bin_15"	15	2056866	284146	48110843	486.176542370772
"Bin_19"	19	1781722	364458	48110810	561.254786100189
"Bin_24"	24	1667638	41415	48110700	599.650523674802
"Bin_26"	26	1522370	154838	48110765	656.870537385787
