"Bin_name"	"ID"	"Length"	"Mapped_reads"	"Total_reads"	"RPKM"
"Bin_1"	1	2028291	315529	59954302	493.025902101819
"Bin_2"	2	2646649	493425	59956247	377.836275229545
"Bin_4"	4	1390702	1444751	59954568	719.061308605294
"Bin_11"	11	3688347	1093070	59955407	271.124164835901
"Bin_12"	12	2467401	832255	59954477	405.284751039657
"Bin_15"	15	2056866	663314	59954480	486.176542370772
"Bin_19"	19	1781722	157169	59954235	561.254786100188
"Bin_24"	24	1667638	400675	59954293	599.650523674802
"Bin_26"	26	1522370	614506	59954464	656.870537385787
